,id,source,fact,title,truncated_content,url
0,al-jazeera-english,Al Jazeera,Grand Ethiopian Renaissance Dam is the source of an almost decade-long diplomatic standoff in the region.,Ethiopia’s massive Nile dam explained,"Ethiopia has built a giant hydropower dam on the Blue Nile and started holding back the water flow to fill the reservoir behind it for a second year.
Egypt is worried the dam will affect the overall… [+4091 chars]",http://www.aljazeera.com/news/2021/7/8/explainer-ethiopias-massive-nile-dam
1,al-jazeera-english,Al Jazeera,Haitian police have arrested suspects in the assassination of President Moise by gunmen who stormed his home on July 7.,"Haiti PM asks Haitians to help find assassins, asks for unity",Haiti Prime Minister Claude Joseph has appealed to citizens on Thursday to hand over the suspected assassins of President Jovenel Moise to the police and not to lynch them amid a nationwide state of … [+5133 chars],http://www.aljazeera.com/news/2021/7/8/haiti-pm-asks-haitians-to-help-find-assassins-asks-for-unity
2,al-jazeera-english,Al Jazeera,"Observers warn even if neither side wants the conflict to escalate, attacks have become a dangerous tit-for-tat cycle.",Attacks on US in Iraq becoming a dangerous cycle: Analysts,"Pro-Iran militias are playing with fire by attacking American interests in Iraq and the recent escalation in tit-for-tat strikes could spiral out of control, analysts warn.
Two dozen rockets were fi… [+4510 chars]",http://www.aljazeera.com/news/2021/7/8/attacks-on-us-in-iraq-becoming-dangerous-cycle-experts
3,al-jazeera-english,Anchal Vohra,Analysts say all outposts are a backdoor to keep claiming Palestinian land after Israel committed to the Oslo Accords.,How Israel backs settlers to confiscate Palestinian lands,"In early May, more than 50 Jewish families packed their bags and moved to a hilltop in the West Bank in the occupied Palestinian territory.
They quickly erected modular homes, a synagogue, a nursery… [+7114 chars]",http://www.aljazeera.com/news/2021/7/8/how-israel-backs-settlers-to-confiscate-palestinian-lands
4,al-jazeera-english,Al Jazeera,Security Council session comes after Ethiopia informed Egypt and Sudan it has begun the second phase of filling GERD.,"UNSC to discuss Ethiopia dam amid strained ties with Egypt, Sudan","The United Nations Security Council is set to discuss a bitter regional dispute over a massive dam built by Ethiopia on the main tributary of the Nile River.
The Grand Ethiopian Renaissance Dam (GER… [+4360 chars]",http://www.aljazeera.com/news/2021/7/8/un-to-discuss-ethiopias-dam-that-strained-ties-with-egypt-sudan
5,al-jazeera-english,Al Jazeera,Police kill four ‘mercenaries’ and capture two others as President Jovenel Moise’s assassination threatens more chaos.,Haiti police kill four suspects in Moise assassination,"Security forces in Haiti have shot dead four suspected killers of President Jovenel Moise and captured two others, the countrys police chief said on Wednesday, as the brazen assassination threatened … [+7325 chars]",http://www.aljazeera.com/news/2021/7/8/haiti-police-hunt-down-moises-killers-as-fears-of-chaos-grow
6,al-jazeera-english,Al Jazeera,Egypt says unilateral move violates international laws as tensions rise over huge dam built on Nile’s main tributary.,Egypt angry as it says Ethiopia has resumed filling GERD,"Egypt has said it received an official notice from Ethiopia that it had started the next phase of filling a controversial huge dam on the Nile Rivers main tributary, raising tensions days before an u… [+4235 chars]",http://www.aljazeera.com/news/2021/7/6/egypt-angry-ethiopia-resumes-filling-gerd
7,al-jazeera-english,,"Stay on top of Euro2020 latest developments on the ground with Al Jazeera’s fact-based news, exclusive video footage, photos and updated maps.",Euro2020 | Today's latest from Al Jazeera,"After a 1-1 draw, Unai Simon made two saves in a shoot-out to keep Spains bid for a record fourth European crown alive.",https://www.aljazeera.com/tag/euro2020
8,al-jazeera-english,Al Jazeera,Sudanese minister says Ethiopia rejected invitation to three-way summit to discuss stalled negotiations over GERD.,Sudan threatens legal action if Ethiopia dam filled without deal,A Sudanese minister has warned that his country could take legal action against Ethiopia if the latter goes ahead with plans to fill a mega-dam on the Blue Nile without first reaching a deal with Kha… [+3396 chars],http://www.aljazeera.com/news/2021/4/23/sudan-threatens-legal-action-if-ethiopia-rejects-nile-dam-talks
9,al-jazeera-english,Al Jazeera,"Egypt, Ethiopia and Sudan’s foreign ministers to meet in Kinshasa on Saturday for 3-day talks on the Renaissance Dam.",DR Congo to host talks on controversial Ethiopia dam,"The foreign ministers of Egypt, Ethiopia and Sudan will meet in Kinshasa from Saturday for talks on the controversial Grand Ethiopian Renaissance Dam on the Blue Nile, Democratic Republic of the Cong… [+1276 chars]",http://www.aljazeera.com/news/2021/4/1/dr-congo-to-host-three-day-talks-on-nile-dam-from-saturday
10,associated-press,WILL WEISSERT,"KISSIMMEE, Fla. (AP) — On a sweaty recent Thursday afternoon, Alex Berrios is instructing his team on how to get people to register to vote. Extend your hand, he says; it makes folks more likely to stop.",Democrats bet on early Latino outreach to avoid '20 pitfalls,"KISSIMMEE, Fla. (AP) — On a sweaty recent Thursday afternoon, Alex Berrios is instructing his team on how to get people to register to vote. Extend your hand, he says; it makes folks more likely to s… [+8168 chars]",https://apnews.com/d51574afcb7088333f4da0d340f0d428
11,associated-press,ADAM BEAM,"SACRAMENTO, Calif. (AP) — California Gov. Gavin Newsom on Thursday asked people and businesses in the nation's most populous state to voluntarily cut how much water they use by 15% as the Western United States weathers a drought that is rapidly emptying reser…",Governor asks Californians to voluntarily cut water use,"SACRAMENTO, Calif. (AP) — California Gov. Gavin Newsom on Thursday asked people and businesses in the nation's most populous state to voluntarily cut how much water they use by 15% as the Western Uni… [+2858 chars]",https://apnews.com/10c9d6aa1219f521e451516e46494c4e
12,associated-press,ZEKE MILLER and AAMER MADHANI,"WASHINGTON (AP) — President Joe Biden on Thursday said the U.S. military mission in Afghanistan will conclude on Aug. 31, saying “speed is safety” as the United States seeks to end the nearly 20-year war.",Biden says US war in Afghanistan will end August 31,"WASHINGTON (AP) — President Joe Biden on Thursday said the U.S. military mission in Afghanistan will conclude on Aug. 31, saying “speed is safety” as the United States seeks to end the nearly 20-year… [+3998 chars]",https://apnews.com/86f939c746c7bc56bb9f11f095a95366
13,associated-press,NOAH TRISTER,"A suite attendant at the Miami Marlins’ home ballpark, Lisa Eckstein had a chance to reconnect with a familiar face when she returned to work this season.“I have a guest I’ve taken care of for 18 years,” she said.","With fans back, ballpark workers enjoy chance to return","A suite attendant at the Miami Marlins’ home ballpark, Lisa Eckstein had a chance to reconnect with a familiar face when she returned to work this season.“I have a guest I’ve taken care of for 18 yea… [+4238 chars]",https://apnews.com/43a120515e36ef323f54a412a7ce2f7b
14,associated-press,MATTHEW PERRONE,"WASHINGTON (AP) — A month after approving a controversial new Alzheimer’s drug, U.S. health regulators on Thursday signed off on new prescribing instructions that are likely to limit its use.The Food and Drug Administration said the change is intended to addr…",FDA trims use of contentious Alzheimer's drug amid backlash ,"WASHINGTON (AP) — A month after approving a controversial new Alzheimer’s drug, U.S. health regulators on Thursday signed off on new prescribing instructions that are likely to limit its use.The Food… [+4192 chars]",https://apnews.com/8c3f0633453fcb8e87b83baa452753b3
15,associated-press,JULIE WATSON,SAN DIEGO (AP) — Chris Umphlett and his family worked in small ways to help the 12-year-old girl from Honduras — who barely uttered a word when she arrived after crossing the Mexican border alone — feel comfortable in their Michigan home.,Families fostering migrant kids offer what shelters cannot,SAN DIEGO (AP) — Chris Umphlett and his family worked in small ways to help the 12-year-old girl from Honduras — who barely uttered a word when she arrived after crossing the Mexican border alone — f… [+6263 chars],https://apnews.com/9a3908f34317a98de07f95ede2e72206
16,associated-press,MARI YAMAGUCHI and STEPHEN WADE,"TOKYO (AP) — Fans will be banned from Tokyo-area stadiums and arenas when the Olympics begin in two weeks, the city’s governor said Thursday after meeting with organizers of the pandemic-postponed games.",Japan bans fans at Tokyo-area Olympics venues due to virus,"TOKYO (AP) — Fans will be banned from Tokyo-area stadiums and arenas when the Olympics begin in two weeks, the city’s governor said Thursday after meeting with organizers of the pandemic-postponed ga… [+6181 chars]",https://apnews.com/5fe54df9b5c06abbc54a633cbd0d907e
17,associated-press,JIM MUSTIAN and LARRY NEUMEISTER,"NEW YORK (AP) — A chastened Michael Avenatti, the brash lawyer who once represented Stormy Daniels in lawsuits against President Donald Trump, was sentenced Thursday to 2 1/2 years in prison for trying to extort up to $25 million from Nike by threatening the …",Avenatti sentenced to 2 1/2 years in prison for extortion,"NEW YORK (AP) — A chastened Michael Avenatti, the brash lawyer who once represented Stormy Daniels in lawsuits against President Donald Trump, was sentenced Thursday to 2 1/2 years in prison for tryi… [+5456 chars]",https://apnews.com/30982af5b85ce95fc8baf9704191f5ed
18,associated-press,TERRY SPENCER,"SURFSIDE, Fla. (AP) — Rescue workers now focused on finding remains instead of survivors in the rubble of a Florida condominium collapse paused briefly atop the pile Thursday to mark the two-week anniversary of the disaster but said they had no plans to pull …",Recovery workers pledge to press forward in condo collapse,"SURFSIDE, Fla. (AP) — Rescue workers now focused on finding remains instead of survivors in the rubble of a Florida condominium collapse paused briefly atop the pile Thursday to mark the two-week ann… [+4494 chars]",https://apnews.com/e1873e009c96af8bf693b791726f62f0
19,associated-press,"EVENS SANON, DÁNICA COTO and JOSHUA GOODMAN","PORT-AU-PRINCE, Haiti (AP) — Two men believed to be Haitian Americans — one of them purportedly a former bodyguard at the Canadian Embassy in Port au Prince — have been arrested in connection with the assassination of Haiti’s president, a senior Haitian offic…",2 Haitian Americans detained in slaying of Haiti president,"PORT-AU-PRINCE, Haiti (AP) — Two men believed to be Haitian Americans — one of them purportedly a former bodyguard at the Canadian Embassy in Port au Prince — have been arrested in connection with th… [+6894 chars]",https://apnews.com/bd1bc9e9e87247f1267d2c97c6ce94f4
20,bbc-news,BBC News,"The BBC’s Jonathan Beale spoke to one bereaved mother, as the UK removes troops from Afghanistan.",'One death in combat is a huge sacrifice',"The war in Afghanistan has been going on for 20 years. The UK officially ended all combat operations in 2014, but now it is removing the last of its troops assigned to Nato's mission in the country.… [+238 chars]",http://www.bbc.co.uk/news/uk-57768079
21,bbc-news,BBC News,"A federal judge said the celebrity lawyer had become ""drunk on the power of his platform"".",Michael Avenatti: Celebrity lawyer sentenced to 30 months in prison for extortion,"image copyrightGetty Images
Disgraced US lawyer Michael Avenatti was sentenced to 30 months in prison for attempting to extort up to $25m (£17.4m) from Nike. 
Avenatti, 50, who represented adult fi… [+2051 chars]",http://www.bbc.co.uk/news/world-us-canada-57768443
22,bbc-news,BBC News,"The gunmen suspected of shooting President Jovenel Moïse have been killed or detained, police say.",Jovenel Moïse: Haiti seeks masterminds after 'assassins' detained,"image captionPublic anger has been rising over the killing, with a crowd forming outside a police station in Port-au-Prince
Police in Haiti have killed or arrested the gunmen suspected of killing Pr… [+4372 chars]",http://www.bbc.co.uk/news/world-latin-america-57766749
23,bbc-news,BBC News,Wildlife officials are searching for the bear and say they plan to kill it as it remains a threat.,US woman killed by bear that dragged her from tent in Montana,"image copyrightGetty Images
image captionAuthorities believe the bear (not pictured) weighs roughly 181kgs (400lb)
US authorities are searching for a grizzly bear that killed a woman in Montana aft… [+2306 chars]",http://www.bbc.co.uk/news/world-us-canada-57763443
24,bbc-news,BBC News,"""The status quo was not an option,"" the fourth president to oversee the war said as violence flares.",Biden defends decision to end Afghan military operation,"image copyrightGetty Images
US President Joe Biden has defended his decision to withdraw military forces from Afghanistan, saying that US operations will end on 31 August.
The fourth US president t… [+7822 chars]",http://www.bbc.co.uk/news/world-us-canada-57770436
25,bbc-news,BBC News,Fifteen US states dropped their opposition to a bankruptcy plan for the OxyContin-maker Purdue Pharma.,Purdue signs deal on opioid settlement with 15 states,"image captionOxycontin has been widely abused
Fifteen US states have dropped their opposition to a bankruptcy plan for Purdue Pharma, clearing the way for a multi-billion dollar settlement.
It mark… [+2751 chars]",http://www.bbc.co.uk/news/business-57770557
26,bbc-news,BBC News,"""We wouldn't have had an Apple had I not grown up in a very open technology world,"" Mr Wozniak said.",Apple founder Steve Wozniak backs right-to-repair movement,"image copyrightGetty Images
Apple co-founder Steve Wozniak has issued a passionate endorsement of the right-to-repair movement, despite the company's opposition.
The movement wants laws passed to g… [+3528 chars]",http://www.bbc.co.uk/news/technology-57763037
27,bbc-news,BBC Sport,"Naomi Osaka calls for ""privacy"" and ""empathy"" from the press when she returns, saying she never wants her personal medical history to be scrutinised again.",Osaka calls for 'privacy' on return,"Naomi Osaka has been having a break from tennis since withdrawing from the French Open in May to protect her mental health
<table><tr><th>Wimbledon 2021 on the BBC</th></tr>
<tr><td>Venue: All Engl… [+2094 chars]",http://www.bbc.co.uk/sport/tennis/57767495
28,bbc-news,BBC News,"Standing at higher than 21m in the Danish town of Blokhus, it is even decorated with Covid particles.",King of the castle: Sand sculpture is world's tallest,"Standing at just over 21m, the world's tallest sandcastle has been built in the town of Blokhus in Denmark. 
The structure, reinforced with glue and clay, took 4,860 tonnes of sand to make. 
It is … [+57 chars]",http://www.bbc.co.uk/news/world-europe-57757530
29,bbc-news,BBC News,An Australian researcher is trying to understand how disinformation flows through the Chinese diaspora.,Going undercover to infiltrate Chinese-American far-right networks,"By Zhaoyin FengBBC Chinese Service, Washington
image copyrightGetty Images
image captionAsian and Chinese-American Trump supporters rally in Manhattan in 2016
Wu Qian can't take her eyes off her p… [+8507 chars]",http://www.bbc.co.uk/news/world-us-canada-57587364
30,breitbart-news,Hannah Bleau,"The San Francisco Gay Men’s Chorus unpublished a video promising to ""convert"" children to a ""tolerant"" pro-LGBT worldview after it went viral.",San Francisco Gay Men's Chorus Hides ‘We'll Convert Your Children' Video After Backlash,"The San Francisco Gay Mens Chorus unpublished a music video promising to “convert” children to a “tolerant” pro-LGBT worldview after it went viral Wednesday, thanks to its unabashed repurposing of rh… [+2363 chars]",https://www.breitbart.com/entertainment/2021/07/08/san-francisco-gay-mens-chorus-deletes-well-convert-your-children-video/
31,breitbart-news,Warner Todd Huston,"Marvel Studios executive vice president of film production Victoria Alonso says the Marvel Cinematic Universe aims to bring more LGBTQ ""representation"" to the big screen in the coming years.",Marvel Studios Executive Promises More LGBTQ 'Representation' in Coming Projects,"Marvel Studios executive vice president of film production Victoria Alonso says the Marvel Cinematic Universe aims to bring more LGBTQ “representation” to the big screen in the coming years.
Accordi… [+2427 chars]",https://www.breitbart.com/entertainment/2021/07/08/marvel-studios-executive-promises-more-lgbtq-representation-in-coming-projects/
32,breitbart-news,Hannah Bleau,The Biden White House is attempting to address the ethical questions swirling around Hunter Biden's newfound art venture.,White House Struggles With Hunter Biden Art Sales Ethics,"The Biden White House is attempting to address the ethical questions swirling around Hunter Biden’s newfound art venture, as officials reportedly craft an agreement ensuring that the buyers of the sc… [+7031 chars]",https://www.breitbart.com/politics/2021/07/08/white-house-struggles-with-hunter-biden-art-sales-ethics-proposes-anonymous-buyers/
33,breitbart-news,Joshua Caplan,A judge handed down a 30-month prison sentence to Michael Avenatti for attempting to extort Nike for millions of dollars.,Michael Avenatti Sentenced to 30 Months in Prison for Trying to Extort Nike,A judge on Thursday afternoon handed down a 30-month prison sentence to disgraced attorney Michael Avenatti — who rose to national prominence purely by casting himself as a left-wing champion fightin… [+2172 chars],https://www.breitbart.com/politics/2021/07/08/michael-avenatti-sentenced-to-30-months-in-prison-for-trying-to-extort-nike/
34,breitbart-news,Hannah Bleau,"Rochelle Walensky issued a warning on Thursday, effectively blaming unvaccinated individuals for the rapid spread of the delta variant.",CDC Director Shames Unvaccinated Americans: Normalcy Requires Vaccination,"Rochelle Walensky, director of the Centers for Disease Control and Prevention (CDC), issued a warning Thursday, effectively blaming unvaccinated individuals for the rapid spread of the delta variant … [+3634 chars]",https://www.breitbart.com/politics/2021/07/08/cdc-director-shames-unvaccinated-americans-normalcy-requires-all-of-us-to-do-our-part-and-get-vaccinated/
35,breitbart-news,Allum Bokhari,"Are the attendees of the billionaire summer camp really ""people of the same trade?"" Maybe not, but they all come from the same class — the elites of what is becoming known as the Globalist American Empire. These are the people who, no matter the crisis, alway…",Bokhari: Globalist Elites Celebrate Victory over the Masses at Sun Valley,"“People of the same trade seldom meet together, even for merriment and diversion, but the conversation ends in a conspiracy against the public.”
This 18th-century warning against cartels and corpora… [+3383 chars]",https://www.breitbart.com/tech/2021/07/08/bokhari-globalist-elites-celebrate-victory-over-the-masses-at-sun-valley/
36,breitbart-news,Brent Bozell III,"""American Marxism"" is a devastating new book and arguably Mark Levin’s most important work.",Exclusive—Brent Bozell: ‘American Marxism’ Is Mark Levin’s Most Important Book Ever,"Recently at a gathering of 15 top conservative leaders, the question was posed: What does America think of the present political condition? The conversation rocked back and forth, reviewing the state… [+4977 chars]",https://www.breitbart.com/politics/2021/07/08/exclusive-brent-bozell-american-marxism-is-mark-levins-most-important-book-ever/
37,breitbart-news,Pam Key,"National Institute of Allergy and Infectious Diseases head Dr. Anthony Fauci said Wednesday on MSNBC's ""All In"" that if people were not getting a coronavirus vaccine as a ""political statement,"" they should get over it. | Clips","Fauci to Red State Vaccine Skeptics: Just 'Get Over This Political Statement,' Get Vaccinated","National Institute of Allergy and Infectious Diseases head Dr. Anthony Fauci said Wednesday on MSNBC’s “All In” that if people were not getting a coronavirus vaccine as a “political statement,” they … [+1348 chars]",https://www.breitbart.com/clips/2021/07/08/fauci-to-red-states-vaccine-skeptics-just-get-over-this-political-statement-get-vaccinated/
38,breitbart-news,Alana Mastrangelo,"Two years ago actress Megan Fox said her son wearing dresses to school instills confidence in him. Now the Teenage Mutant Ninja Turtles says her oldest son, 8-year-old Noah has been subject to ""mean, awful people and cruel people"" on the online.",Megan Fox Breaks Down Talking About 'Cruel People' Criticizing Her 8 Year Old Son for Wearing Dresses,"Two years ago actress Megan Fox said her son wearing dresses to school instills confidence in him. Now the Teenage Mutant Ninja Turtles says her oldest son, 8-year-old Noah has been subject to “mean,… [+2087 chars]",https://www.breitbart.com/entertainment/2021/07/08/megan-fox-breaks-down-talking-about-cruel-people-criticizing-her-8-year-old-son-for-wearing-dresses/
39,breitbart-news,AP,TOKYO — Fans are banned from the Tokyo Olympics following a state of emergency aimed at containing rising coronavirus infections in the capital.,Fans Barred from Tokyo Olympics Amid Coronavirus State of Emergency,"TOKYO Fans are banned from the Tokyo Olympics following a state of emergency aimed at containing rising coronavirus infections in the capital.
Japanese Prime Minister Yoshihide Suga announced the st… [+601 chars]",https://www.breitbart.com/asia/2021/07/08/fans-barred-from-tokyo-olympics-amid-coronavirus-state-of-emergency/
40,cnn,,Arkansas Gov. Asa Hutchinson (R) tells CNN's Dana Bash his state is not headed towards a third surge despite a lagging vaccination rate and the onset of the Delta variant of Covid-19.,Bash to GOP governor: Why are you having so much trouble getting people vaccinated? - CNN Video,,http://us.cnn.com/videos/politics/2021/07/04/gov-asa-hutchinson-arkansas-vaccinations-sot-sotu-vpx.cnn
41,cnn,"Opinion by Julian Zelizer, CNN Political Analyst","From social security to polio vaccines to drivers licenses and the draft, the United States has a long history of requiring citizens to participate in programs that help all of us, writes Julian Zelizer. Thinking of the common good is patriotic, as American a…",Opinion: Enough: It's time to make vaccinations mandatory,"Julian Zelizer, a CNN political analyst, is a professor of history and public affairs at Princeton University and author of the book, ""Burning Down the House: Newt Gingrich, the Fall of a Speaker, an… [+3537 chars]",http://us.cnn.com/2021/07/07/opinions/its-time-to-mandate-vaccination-zelizer/index.html
42,cnn,"Kevin Liptak, CNN","President Joe Biden delivered a vehement defense Thursday of his decision to end the war in Afghanistan, insisting no amount of sustained American presence there could resolve the country's own intractable problems.",Biden defends pulling US out of Afghanistan as Taliban advances: 'We did not go to Afghanistan to nation-build',"(CNN)President Joe Biden delivered a vehement defense Thursday of his decision to end the war in Afghanistan, insisting no amount of sustained American presence there could resolve the country's own … [+5876 chars]",http://us.cnn.com/2021/07/08/politics/biden-afghanistan-speech/index.html
43,cnn,"Stephen Collinson and Shelby Rose, CNN","Remember last month's G7 summit? British Prime Minister Boris Johnson, basking in his role of host after a year of sterile Zoom diplomacy, implored his fellow leaders to vaccinate the whole world against Covid-19 by the end of 2022.",Experts fear the next Covid-19 variant might evade the vaccines,,http://us.cnn.com/2021/07/08/world/meanwhile-in-america-july-8-intl/index.html
44,cnn,"Deidre McPhillips, CNN","Covid-19 vaccines saved hundreds of thousands of lives and prevented more than a million hospitalizations in the United States, according to new estimates from researchers at Yale University and the Commonwealth Fund.","Covid-19 vaccines saved nearly 280,000 lives in the US, new research estimates",,http://us.cnn.com/2021/07/08/health/covid-vaccinations-prevent-deaths-hospitalizations/index.html
45,cnn,Erica Orden,A federal judge sentenced celebrity lawyer turned criminal defendant Michael Avenatti to 30 months in prison for attempting to extort millions of dollars from Nike.,Michael Avenatti sentenced to 30 months in prison for attempting to extort Nike,,http://www.cnn.com/2021/07/08/politics/michael-avenatti-prison-nike-extortion/index.html
46,cnn,"Mitchell McCluskey, Kiarinna Parisi, Etant Dupain, Gerardo Lemos, Helen Regan and Ivana Kottasová, CNN",Haiti was in turmoil Thursday as police hunted for the suspects behind the assassination of its president and questions swirled over who would take charge of the impoverished Caribbean nation.,Haiti in turmoil as police hunt for president's killers,"(CNN)Haiti was in turmoil Thursday as police hunted for the suspects behind the assassination of its president and questions swirled over who would take charge of the impoverished Caribbean nation. … [+8007 chars]",http://us.cnn.com/2021/07/08/americas/haiti-moise-assassination-suspects-killed-intl-hnk/index.html
47,cnn,"By <a href=""/profiles/aditi-sandal"">Aditi Sangal</a>, <a href=""/profiles/adrienne-vogt"">Adrienne Vogt</a>, Elise Hammond and <a href=""/profiles/meg-wagner"">Meg Wagner</a>, CNN",Tokyo venues for Olympics will not have spectators as Japan battles the Covid-19 pandemic. Follow here for the latest.,Live updates: Tokyo Olympic venues won't have spectators,Japan started inoculating its population of 126 million people with Pfizer-BioNTech shots more than two months after the vaccine rolled out in countries such as the United States and United Kingdom. … [+1711 chars],https://www.cnn.com/asia/live-news/tokyo-summer-olympics-07-08-21/
48,cnn,"Elizabeth Cohen and John Bonifield, CNN","A new data analysis identifies clusters of unvaccinated people, most of them in the southern United States, that are vulnerable to surges in Covid-19 cases and could become breeding grounds for even more deadly Covid-19 variants.",Five undervaccinated clusters put the entire United States at risk,"(CNN)A new data analysis identifies clusters of unvaccinated people, most of them in the southern United States, that are vulnerable to surges in Covid-19 cases and could become breeding grounds for … [+4422 chars]",http://us.cnn.com/2021/07/08/health/undervaccinated-clusters-covid-risk/index.html
49,cnn,"By Madeline Holcombe and Paul Vercammen, CNN","At the edge of the rubble from a condo building collapse in the Miami-Dade area, first responders, officials, faith leaders and journalists hung their heads for a moment of silence Wednesday evening, honoring those who lost their lives under the debris.",The Surfside community gathers for a memorial as search efforts turn from rescue to recovery,"At the edge of the rubble from a condo building collapse in the Miami-Dade area, first responders, officials, faith leaders and journalists hung their heads for a moment of silence Wednesday evening,… [+6645 chars]",http://us.cnn.com/2021/07/08/us/miami-dade-building-collapse-thursday/index.html
50,fox-news,Fox News,Anthony Napolitano reacts to the city's surge in gun violence on 'The Story',"Chicago alderman on crime wave: It's the people, not the guns",,https://video.foxnews.com/v/6262914869001/
51,fox-news,Fox News,"Ben Affleck and Jennifer Lopez returned to Los Angeles after spending the Fourth of July holiday together, prompting questions about what’s next for the recently rekindled romance between the two stars.","Jennifer Lopez, Ben Affleck return from Hamptons as they consider big next step in their relationship: source","Ben Affleck and Jennifer Lopez returned to Los Angeles after spending the Fourth of July holiday together, prompting questions about whats next for the recently rekindled romance between the two star… [+2827 chars]",https://www.foxnews.com/entertainment/jennifer-lopez-ben-affleck-return-hamptons-weekend
52,fox-news,Fox News,Police in Florida released bodycam video of a fatal officer-involved shooting over July Fourth weekend that shows a man pointing a gun at an officer before being shot.,"Florida man points gun at police officer before being fatally shot, bodycam video shows","Police in Florida released bodycam video of a fatal officer-involved shooting over July Fourth weekend that shows a man pointing a gun at an officer before being shot.
The incident happened just aft… [+1976 chars]",https://www.foxnews.com/us/florida-man-points-gun-police-officer-shooting-bodycam-video
53,fox-news,Fox News,"MSNBC host Joy Reid continued her attacks this week on those opposed to the teaching of critical race theory (CRT), conflating them with QAnon conspiracy theorists, and describing them as ""radicalized parent activists.""",MSNBC's Joy Reid conflates opposing critical race theory to supporting QAnon: 'Radicalized parent activists',"MSNBC host Joy Reid continued her attacks this week on those opposed to the teaching of critical race theory (CRT), conflating them with QAnon conspiracy theorists and describing them as ""radicalized… [+3137 chars]",https://www.foxnews.com/media/msnbc-joy-reid-conflates-opposing-critical-race-theory-supporting-qanon-radicalized-parent-activists
54,fox-news,Fox News,Fox News ‘Outnumbered’ panel weighs in on media pundits attacking opponents of critical race theory,"Democrats, media pundits ‘perverted’ conversation on criminal justice reform and race: Compagno",,https://video.foxnews.com/v/6262889389001/
55,fox-news,Fox News,A Manhattan federal judge on Thursday sentenced disgraced California lawyer Michael Avenatti to two-and-a-half years in prison over his attempt to extort an estimated $25 million from Nike.,Michael Avenatti sentenced to 2.5 years in prison for Nike extortion case,"A Manhattan federal judge on Thursday sentenced disgraced California lawyer Michael Avenatti to two-and-a-half years in prison over his attempt to extort an estimated $25 million from Nike.
Avenatti… [+1416 chars]",https://www.foxbusiness.com/politics/michael-avenatti-sentenced-prison-nike
56,fox-news,Fox News,"President Biden said U.S. troops will be out of Afghanistan sooner than his original Sept. 11 deadline, telling reporters Thursday U.S. forces will be home by Aug. 31.",Biden changes end of US combat mission in Afghanistan from Sept. 11 to Aug. 31,"President Biden said U.S. troops will be out of Afghanistan sooner than his original Sept. 11 deadline, telling reporters Thursday U.S. forces will be home by Aug. 31. 
""In this context, speed is sa… [+1540 chars]",https://www.foxnews.com/politics/biden-says-us-troops-will-be-out-of-afghanistan-by-august-31
57,fox-news,Fox News,Attorneys Brian Claypool and Robert Patillo debate the case on 'Fox News @ Night' night court,Chicago rideshare driver sues CDC over mask mandate,,https://video.foxnews.com/v/6262805779001/
58,fox-news,Fox News,'Gutfeld!' panel reacts to the media discussing their trauma from Jan. 6,Gutfeld: Media are the most 'egocentric fools' on the planet,,https://video.foxnews.com/v/6262800158001/
59,fox-news,Fox News,,Fox Extreme Weather Center: Tracking Tropical Storm Elsa,,https://video.foxnews.com/v/6262424958001/
60,google-news,"Oren Liebermann, Jennifer Hansler, Nicole Gaouette and Barbara Starr, CNN","With the Taliban advancing across rural parts of Afghanistan, and criticism mounting over what some view as an overly hasty departure, the Biden administration is staring down a few short weeks to make a handful of critical decisions it's put off until the la…",Biden has just a few weeks left to make key decisions that will shape the future of Afghanistan,"Washington (CNN)With the Taliban advancing across rural parts of Afghanistan, and criticism mounting over what some view as an overly hasty departure, the Biden administration is staring down a few s… [+10438 chars]",https://www.cnn.com/2021/07/08/politics/afghanistan-withdrawal-biden-crucial-decisions-last-minute/index.html
61,google-news,"David K. Li, Adam Reiss, Diana Dasrath",Michael Avenatti sentenced to 2 1/2 years behind bars for Nike extortion threat,Michael Avenatti sentenced to 2 1/2 years behind bars for Nike extortion threat,"A federal judge on Thursday sentenced attorney Michael Avenatti to 2 1/2 years behind bars for an extortion plot against Nike that the lawyer himself said should make his children ""ashamed"" of their … [+4257 chars]",https://www.nbcnews.com/news/us-news/michael-avenatti-sentenced-2-1-2-years-behind-bars-nike-n1273343
62,google-news,Jan Hoffman,"The states, including Massachusetts and New York, agreed to drop opposition to the bankruptcy organization plan of the company, the maker of OxyContin.",15 States Reach a Deal With Purdue Pharma Over Opioids,"At a news conference on Thursday announcing the settlement, the attorneys general from Massachusetts, New York and Minnesota pointedly noted that they had asked the Sacklers for years to admit culpab… [+2503 chars]",https://www.nytimes.com/2021/07/08/health/purdue-pharma-opioids-settlement.html
63,google-news,The Associated Press,"<ol><li>Houston teen on life support following road rage shooting  ABC News
</li><li>Teen shot in head while heading home from Astros game on life support  NBC News
</li><li>HPD: Teen on life support after being shot following Astros game when dad 'exchange…",Houston teen on life support following road rage shooting,HOUSTON -- Authorities were searching Thursday for a man accused of shooting a teenager during what they say was a road rage incident that took place as a family was driving home following a Houston … [+1239 chars],https://abcnews.go.com/US/wireStory/houston-teen-life-support-road-rage-shooting-78734658
64,google-news,"Elizabeth DePompei, Sarah Nelson","Detective Greg Ferency was a respected member of the Terre Haute Police Department, his colleagues said Thursday.",Indiana FBI task force member fatally shot in 'ambush' outside federal building,Here's the latest for Thursday July 8th: Worldwide COVID-19 death total tops 4 million; Four suspects in assassination of Haitian President shot dead by Haitian police; South Florida crews switch to … [+2756 chars],https://www.usatoday.com/story/news/nation/2021/07/08/terre-haute-officer-ambush-shooting-greg-ferency-fbi/7900995002/
65,google-news,Len Melisurgo | NJ Advance Media for NJ.com,What you need to know about Tropical Storm Elsa before it arrives in New Jersey.,"Tropical Storm Elsa: Latest forecast track, timing, how much rain and wind will hit N.J.","Tropical Storm Elsa continues to drift north across the eastern United States on Thursday and is taking aim at New Jersey, where it is expected to dump several inches of rain, generate big waves and … [+6009 chars]",https://www.nj.com/weather/2021/07/tropical-storm-elsa-latest-forecast-track-timing-how-much-rain-and-wind-will-hit-nj.html
66,google-news,David Rutz,Health and Human Services Secretary Xavier Becerra said Thursday it was “absolutely the government's business” to know which Americans haven't been vaccinated yet against the coronavirus.,HHS Secretary Becerra: 'Absolutely the government's business' to know which Americans haven't been vaccinated,"Health and Human Services Secretary Xavier Becerra said Thursday it was ""absolutely the government's business"" to know which Americans haven't been vaccinated yet against the coronavirus.
Responding… [+2873 chars]",https://www.foxnews.com/media/xavier-becerra-hhs-absolutely-government-business-americans-not-vaccinated
67,google-news,Joshua Goodman,"MIAMI (AP) — The last time Haiti was thrust into turmoil by assassination was 1915, when an angry group of rebels raided the French Embassy and beat to death President Vilbrun Guillaume Sam, ushering in weeks of chaos that triggered a nearly two-decade U.S.",Biden with few options to stabilize Haiti in wake of slaying,"MIAMI (AP) The last time Haiti was thrust into turmoil by assassination was 1915, when an angry group of rebels raided the French Embassy and beat to death President Vilbrun Guillaume Sam, ushering i… [+5962 chars]",https://news.google.com/__i/rss/rd/articles/CBMihwFodHRwczovL2FwbmV3cy5jb20vYXJ0aWNsZS9qb2UtYmlkZW4taGFpdGktcmFjZS1hbmQtZXRobmljaXR5LXJhY2lhbC1pbmp1c3RpY2UtZ292ZXJubWVudC1hbmQtcG9saXRpY3MtZGRlNzlkYmViOTM4ZTE3ZmE1NTg2ZDY0NmFlY2I0OTTSAQA?oc=5
68,google-news,Lauren Aratani,"Six victims were recovered Thursday morning, with 80 still unaccounted for as officials say no chance of life in rubble",Miami condo collapse death toll hits 60 as rescue efforts end,"Rescue efforts at the site of the Champlain Towers South collapse in Surfside, Florida, officially ended late on Wednesday night as officials have said there is no chance of life in the rubble.
Six … [+2706 chars]",https://amp.theguardian.com/us-news/2021/jul/08/miami-condo-collapse-surfside-rescue-efforts-end
69,google-news,Naomi Lim,"President Joe Biden and Democratic leaders around the country are grappling with rising crime rates before the 2022 midterm elections, a cycle likely to be...",Biden and Democrats can't hide electoral jitters over rising crime rates,"President Joe Biden and Democratic leaders around the country are grappling with rising crime rates before the 2022 midterm elections, a cycle likely to be complicated by an issue that mixes voters' … [+5283 chars]",https://news.yahoo.com/biden-democrats-cant-hide-electoral-100000039.html
70,independent,,"The latest breaking news, comment and features from The Independent.",Jane Dalton | The Independent,"Want an ad-free experience?Subscribe to Independent Premium.
View offers",http://www.independent.co.uk/author/jane-dalton
71,independent,Jane Dalton,"Exclusive: ‘Until you take a stand, travel providers will ... profit off animals’ misery,’ investor warns",Deborah Meaden urges travel chiefs to blacklist dolphin and whale theme parks,"Dragons Den star Deborah Meaden is lobbying travel chiefs to blacklist marine parks that keep dolphins and whales in captivity.
Ms Meaden is urging the travel industry body Abta formerly the Associa… [+253 chars]",http://www.independent.co.uk/independentpremium/deborah-meaden-marine-parks-blacklist-b1880476.html
72,independent,Cathy Adams,Coincides with 19 July unlocking,Travel news - live: Quarantine will be dropped for fully vaccinated amber list travellers from 19 July,"Portugals Algarve looks forward to welcoming back Britons
Todays announcement should avoid the kind of chaos that was seen at the traffic light update in early June, when Portugal was dumped onto th… [+1110 chars]",http://www.independent.co.uk/travel/news-and-advice/travel-news-live-uk-amber-list-quarantine-b1880244.html
73,independent,Shaun Lintern,"Exclusive: Unless urgent action is taken, NHS faces crisis worse than previous winters, experts warn",Patients face 15-hour wait in hospital A&E as summer crisis grips NHS,"Patients are facing 15-hour waits to be seen in one accident and emergency departs as hospitals across the country see record levels of patients.
As NHS England data confirmed June was the busiest m… [+3911 chars]",http://www.independent.co.uk/news/health/plymouth-a-e-waits-hospitals-safety-b1880501.html
74,independent,Andy Parsons,The contrast in leadership styles between the England manager and the prime minister could hardly be more stark,"David Beckham, Sven Forkbeard and one very angry assistant – imagine if Boris Johnson was England manager","Current data is showing that two million Brits could catch Covid this summer, 10 million of us could be ordered to self-isolate, and there could be well over 100,000 new infections a day, making it t… [+6311 chars]",http://www.independent.co.uk/voices/gareth-southgate-leadership-lessons-boris-johnson-b1880474.html
75,independent,Adam Forrest,"England manager embodies ‘hard work, discipline, and preparation,’ says opposition","Boris Johnson should ‘study at Gareth Southgate school of leadership’, says Labour","Boris Johnson should spend some time studying at the Gareth Southgate school of leadership and learn the value of hard work, Labour has said.
Labour MP Thangam Debbonaire, shadow Commons leader, hai… [+3168 chars]",http://www.independent.co.uk/news/uk/politics/boris-johnson-southgate-euros-england-b1880369.html
76,independent,Cathy Newman,"As with footie, so with politics: it’s all about confidence. And winning in Batley has given Labour the confidence to believe in itself again","After England’s historic triumph, Keir Starmer would do well to emulate Gareth Southgate’s leadership skills","In 1998, the Sun famously declared the Conservative party dead. It pictured the-then leader William (now Lord) Hague as a blue parrot, hanging upside down on his perch, with the headline: This party … [+3938 chars]",http://www.independent.co.uk/voices/england-gareth-southgate-labour-starmer-b1880332.html
77,independent,Rupert Hawksley,"In a few short words, spoken after England had beaten Denmark, Neville dismantled any attempt by this government to cash in on the success of our national football team","Well done, Gary Neville – Boris Johnson needed to hear that","Boris Johnson chose to wear an England shirt last night (Boris 10 was printed on the back). So did home secretary Priti Patel (Migrants 0, perhaps). Pretty crude stuff but you can understand it. Look… [+2691 chars]",http://www.independent.co.uk/voices/gary-neville-euros-boris-johnson-b1880254.html
78,independent,Alex Pattle,"Follow all the fallout from England’s historic win over Denmark, with Italy awaiting at Wembley in the final",Euro 2020 LIVE: England vs Denmark reaction as build-up for final begins,"Euro 2020: What it was like to be at Wembley for England vs Denmark
Some of you will have been lucky enough to have been at Wembley Stadium last night. For anyone who wasnt, heres our Senior Footbal… [+977 chars]",http://www.independent.co.uk/sport/football/euro-2020-live-news-england-italy-final-b1880220.html
79,independent,Miguel Delaney,The impact substitute was later substituted to great impact as Southgate showed great game awareness to steer England into the final,Gareth Southgate shows clear head with Jack Grealish to get England over the line,"In the moments just after the most jubilant of victories, Harry Kane went over to salute the crowd behind the goal, only to realise something bigger was going on. Some of the staff were the same. The… [+3746 chars]",http://www.independent.co.uk/sport/football/england-denmark-euro-2020-grealish-sub-b1880231.html
80,newsweek,Emma Mayer,Avenatti was sentenced for attempting to extort Nike for millions of dollars.,Michael Avenatti Sentenced to 30 Months in Nike Extortion Case,"Disgraced lawyer Michael Avenatti was sentenced on Thursday to 30 months in prison for his attempt to extort Nike for over $20 million.
Avenatti first rose to fame after representing adult film star… [+1134 chars]",https://www.newsweek.com/michael-avenatti-sentenced-30-months-nike-extortion-case-1608083
81,newsweek,Jenni Fink,"HHS Secretary Xavier Becerra said comments he made that the government ""absolutely"" has a right to know who's been vaccinated were taken ""wildly out of context.""",Biden Official Denies Government Has Database Tracking Who's Been Vaccinated,"Health and Human Service Secretary Xavier Becerra denied the government was tracking who is vaccinated against COVID-19 and who isn't vaccinated after saying it is ""absolutely"" the government's busin… [+3450 chars]",https://www.newsweek.com/biden-official-denies-government-has-database-tracking-whos-been-vaccinated-1608077
82,newsweek,Maggie Gile,"In a speech today, Biden said, ""We did not go to Afghanistan to nation build. Afghan leaders have to come together and drive toward a future,""","Biden Announces U.S. Mission in Afghanistan Ending August 31, 10 Days Earlier Than Planned","President Joe Biden announced Thursday that the U.S. military mission in Afghanistan will end on August 31, which is 10 days earlier than what was originally planned, the Associated Press reported.
… [+1020 chars]",https://www.newsweek.com/biden-announces-us-mission-afghanistan-ending-august-31-10-days-earlier-planned-1608074
83,newsweek,Tom O'Connor,"""Targeting diplomatic missions is rejected by the Iraqi resistance, and its decision is to not even strike the evil American embassy military camp,"" Kataib Hezbollah spokesperson Abu Ali al-Askary,...",Iraq's Hezbollah Forbids Fighters from Attacking U.S. Embassy Amid Worsening Conflict,"After a recent nearby rocket strike marked the fourth consecutive day of operations targeting U.S. positions in Iraq, one of the most powerful militias in the country has forbidden its fighters from … [+4727 chars]",https://www.newsweek.com/iraqs-hezbollah-forbids-fighters-attacking-us-embassy-amid-worsening-conflict-1608039
84,newsweek,Katherine Fung,"The Delta variant now makes up more than half of all COVID-19 cases in the U.S., nearly doubling the percentage of cases recorded last month.",Delta Variant Makes Up 80 Percent of Cases in the Midwest,"The Delta variant of the coronavirus makes up approximately 80 percent of the cases in the parts of the Midwest and upper mountain states, according to the Centers for Disease Control and Prevention.… [+2977 chars]",https://www.newsweek.com/delta-variant-makes-80-percent-cases-midwest-1608011
85,newsweek,,"USA's Leading Public Affairs, Policy & Administration Programs 2021","USA's Leading Public Affairs, Policy & Administration Programs 2021","If you are considering going into the field of Public Affairs as your career choice, you will need to be an individual who has a fascination with the science of how information is propagated once it … [+9558 chars]",https://www.newsweek.com/insights/usas-leading-public-affairs-programs-2021
86,newsweek,,Leading Business Schools 2021,Leading Business Schools 2021,"The Welch College of Business &amp; Technology dynamic core curriculum infuses business courses with technology, and vice versa, and makes ample use of SHU's world-class experiential learning spaces,… [+7958 chars]",https://www.newsweek.com/insights/leading-business-schools-2021
87,newsweek,,"Information technology and other tools that make health care ""smarter"" are now essential for providing the best and most efficient patient care.",World's Best Smart Hospitals 2021,"The pandemic put hospitals through the ultimate stress test. By forcing them to adapt to waves of COVID-19 patients, changing treatment protocols, faltering supply chains and a massive vaccine rollou… [+6229 chars]",https://www.newsweek.com/worlds-best-smart-hospitals-2021
88,newsweek,,Leading Universities 2021,Leading Universities 2021,"The ICFAI Foundation for Higher Education (IFHE), Hyderabad, India is a Deemed University, accredited by NAAC with A+ grade. The University offers UG &amp; PG Programs in Management, Engineering, Law… [+904 chars]",https://www.newsweek.com/insights/leading-universities-2021
89,newsweek,,Credit card companies pumped up their rewards to keep consumers spending during the pandemic. Newsweek's first card ranking will help you pick your best offer.,The Best Credit Cards of 2021,"The pandemic has dramatically reshaped Americans' relationship with credit cards—surprisingly, for the better. Instead of the increased delinquencies, ballooning balances and falling credit scores th… [+2739 chars]",https://www.newsweek.com/best-credit-cards-2021
90,politico,,The order suspends policies he issued while leading U.S. Citizenship and Immigration Services.,Federal judge rules Cuccinelli appointment unlawful,"Because Cuccinelli's USCIS position was designated initially as ""first assistant"" to the USCIS director, the Trump administration reasoned that Cuccinelli could become acting chief under a provision … [+1696 chars]",https://www.politico.com/news/2020/03/01/federal-judge-cuccinelli-appointment-unlawful-118477
91,politico,,"McSally is trying to tie her opponent, former space shuttle commander Mark Kelly, to the Democratic Party's ascendant left wing.",The fighter pilot takes on the astronaut: McSally’s 2020 Arizona mission,"In Gilbert, a town of more than 200,000 people outside Phoenix, McSally satdown to talk local issues with the mayor outside a bustling coffee shop in the mild winter warmth before taking a walking to… [+5193 chars]",https://www.politico.com/news/2020/03/01/mcsally-2020-arizona-kelly-118247
92,reuters,Stephen Culp,"The S&P 500 closed nominally higher on Thursday as investors weighed a resurgence in coronavirus infections and the possibility of a new round of shutdowns as well as data that suggested the U.S. economy might not bounce back with quick, V-shaped recovery.","S&P 500 closes nominally higher amid COVID-19 spikes, muted data",NEW YORK (Reuters) - The S&amp;P 500 closed nominally higher on Thursday as investors weighed a resurgence in coronavirus infections and the possibility of a new round of shutdowns as well as data th… [+2635 chars],http://feeds.reuters.com/~r/reuters/topNews/~3/OIsDyWdNs1s/sp-500-closes-nominally-higher-amid-covid-19-spikes-muted-data-idUSKBN23P1W4
93,reuters,Doina Chiacu,President Donald Trump came under attack from both sides of the American political spectrum on Thursday as liberal Democratic leader Nancy Pelosi and former White House aide and conservative hawk John Bolton both declared him unfit to lead the country.,"Trump unfit to be U.S. president, Democrat Pelosi, conservative Bolton agree",WASHINGTON (Reuters) - President Donald Trump came under attack from both sides of the American political spectrum on Thursday as liberal Democratic leader Nancy Pelosi and former White House aide an… [+4366 chars],http://feeds.reuters.com/~r/reuters/topNews/~3/NeAbplfEBpE/trump-unfit-to-be-u-s-president-democrat-pelosi-conservative-bolton-agree-idUSKBN23P22C
94,reuters,Herbert Lash,Global stock markets fell on Thursday as a continued rise in the number of coronavirus cases dashed hopes of a swift recovery from the pandemic-induced economic slump and drove demand for safe-haven currencies such as the dollar and Japanese yen.,"World stock markets slip on second wave virus fears, safe-havens rise",NEW YORK/LONDON (Reuters) - Global stock markets fell on Thursday as a continued rise in the number of coronavirus cases dashed hopes of a swift recovery from the pandemic-induced economic slump and … [+4758 chars],http://feeds.reuters.com/~r/reuters/topNews/~3/XK0b5K8AM14/world-stock-markets-slip-on-second-wave-virus-fears-safe-havens-rise-idUSKBN23P001
95,reuters,Doina Chiacu,"President Donald Trump, hit by a second U.S. Supreme Court loss in four days, said on Thursday he plans to issue an updated list of potential conservative nominees to the high court after the justices halted one of his hardline immigration policies.",Trump pledges new list of conservative Supreme Court contenders,"WASHINGTON (Reuters) - President Donald Trump, hit by a second U.S. Supreme Court loss in four days, said on Thursday he plans to issue an updated list of potential conservative nominees to the high … [+1845 chars]",http://feeds.reuters.com/~r/reuters/topNews/~3/riCVJOkEpIs/trump-pledges-new-list-of-conservative-supreme-court-contenders-idUSKBN23P379
96,reuters,Nathan Layne,"Devin Brosnan, one of the two Atlanta police officers charged in the shooting death of Rayshard Brooks, has not agreed to be a witness for the prosecution, his lawyer said on Thursday, contradicting an assertion by the lead prosecutor on the case.",Atlanta officer says he is not 'state's witness' in Rayshard Brooks case,"(Reuters) - Devin Brosnan, one of the two Atlanta police officers charged in the shooting death of Rayshard Brooks, has not agreed to be a witness for the prosecution, his lawyer said on Thursday, co… [+4058 chars]",http://feeds.reuters.com/~r/reuters/topNews/~3/ODaGn4EL5PY/atlanta-officer-says-he-is-not-states-witness-in-rayshard-brooks-case-idUSKBN23P2UI
97,reuters,Reuters Editorial,Mexico's foreign ministry said on Thursday it would monitor the continuity of the Deferred Action for Childhood Arrivals (DACA) immigration program in the United States after the U.S. Supreme Court blocked President Donald Trump's bid to abolish it.,Mexico's foreign ministry says it will monitor U.S. DACA program developments,MEXICO CITY (Reuters) - Mexico’s foreign ministry said on Thursday it would monitor the continuity of the Deferred Action for Childhood Arrivals (DACA) immigration program in the United States after … [+339 chars],http://feeds.reuters.com/~r/reuters/topNews/~3/dlbMAGIMZWw/mexicos-foreign-ministry-says-it-will-monitor-u-s-daca-program-developments-idUSKBN23P3EO
98,reuters,Reuters Editorial,U.S. House Speaker Nancy Pelosi said on Thursday revelations in a book by a former top White House aide show President Donald Trump is unfit and unprepared to be president and Democrats will continue oversight of the Republican president's behavior.,"Pelosi says Trump 'ethically unfit' for presidency, will continue oversight",WASHINGTON (Reuters) - U.S. House Speaker Nancy Pelosi said on Thursday revelations in a book by a former top White House aide show President Donald Trump is unfit and unprepared to be president and … [+520 chars],http://feeds.reuters.com/~r/reuters/topNews/~3/Rd1F5Whgwuk/pelosi-says-trump-ethically-unfit-for-presidency-will-continue-oversight-idUSKBN23P2T9
99,reuters,Elizabeth Culliford,Facebook Inc said on Thursday it took down posts and ads run by the re-election campaign of U.S. President Donald Trump for violating its policy against organized hate.,Facebook takes down Trump ads over 'organized hate' policy,"(Reuters) - Facebook Inc (FB.O) said on Thursday it took down posts and ads run by the re-election campaign of U.S. President Donald Trump for violating its policy against organized hate. 
The ads s… [+1241 chars]",http://feeds.reuters.com/~r/reuters/topNews/~3/8-yo4Kt1JXA/facebook-takes-down-trump-ads-over-organized-hate-policy-idUSKBN23P3AH
100,reuters,Joseph White,"Electric vehicle maker Tesla Inc wants to start building a large vehicle assembly plant in the southwestern United States as early as the third quarter of this year, the company told Texas officials in documents made public this week.",Tesla wants to start building a new U.S. vehicle plant this summer,"DETROIT (Reuters) - Electric vehicle maker Tesla Inc (TSLA.O) wants to start building a large vehicle assembly plant in the southwestern United States as early as the third quarter of this year, the … [+1632 chars]",http://feeds.reuters.com/~r/reuters/topNews/~3/yYIo7jgUc8w/tesla-wants-to-start-building-a-new-u-s-vehicle-plant-this-summer-idUSKBN23P37Y
101,reuters,Lawrence Hurley,"The U.S. Supreme Court on Thursday dealt a President Donald Trump a major setback on his hardline immigration policies, ruling against his bid to end a program that protects from deportation hundreds of thousands of immigrants, dubbed ""Dreamers,"" who entered …",U.S. Supreme Court blocks Trump bid to end 'Dreamers' immigrant program,"WASHINGTON (Reuters) - The U.S. Supreme Court on Thursday dealt a President Donald Trump a major setback on his hardline immigration policies, ruling against his bid to end a program that protects fr… [+2950 chars]",http://feeds.reuters.com/~r/reuters/topNews/~3/8-YYNfBeU9U/u-s-supreme-court-blocks-trump-bid-to-end-dreamers-immigrant-program-idUSKBN23P2HM
102,the-globe-and-mail,Michaëlle Jean,"The country, which is reeling from the assassination of President Jovenel Moïse, is broken. Its institutions have been eviscerated and mafias have taken over.","As Haiti descended into tragedy, the international community ignored its cries","The crowd surrounds the Petionville Police station where armed men, accused of being involved in the assassination of President Jovenel Moise, are being held in Port au Prince on July 8, 2021. 
VALE… [+5154 chars]",https://www.theglobeandmail.com/opinion/article-as-haiti-descended-into-tragedy-the-international-community-ignored/
103,the-globe-and-mail,,Haitian forces have arrested more members of the mysterious group who killed the president at his home in Port-au-Prince on Wednesday. Here’s what you need to know,Jovenel Moïse assassinated: What we know so far about the president of Haiti’s killing,"Dajabon, Dominican Republic, July 7: National Army soldiers guard a bridge on the Haitian border, which was closed when Haiti's president Jovenel Moïse was killed at his home in Port-au-Prince. 
Ric… [+7758 chars]",https://www.theglobeandmail.com/world/article-jovenel-moise-president-haiti-assassination-explainer/
104,the-globe-and-mail,,"RoseAnne Archibald, who announced in May that she would not be seeking re-election as the AFN Ontario regional chief, and Muskowekwan First Nation Chief Reginald Bellerose of Saskatchewan are on the ballot","Two candidates still in race for AFN national chief, another round of voting to follow","Outgoing Assembly of First Nations national chief Perry Bellegarde in Ottawa, Monday, Sept. 9, 2019.
Sean Kilpatrick/The Canadian Press
Two candidates remain in the competition to become the new na… [+3376 chars]",https://www.theglobeandmail.com/politics/article-two-candidates-still-in-race-for-afn-national-chief-another-round-of/
105,the-globe-and-mail,,"Settle in on a sultry evening (and blast the fan or A/C, if available) with picks from The Globe and Mail’s summer-movie experts",Steamy summer streaming: Nine of the best movies to watch on a hot sticky night,"Plan your screen time with the weekly What to Watch newsletter. Sign up today.
What is the all-time best movie to watch during a hot summer night? You know, the kind of deep-season evening where the… [+5628 chars]",https://www.theglobeandmail.com/arts/film/article-steamy-summer-streaming-nine-of-the-best-movies-to-watch-on-a-hot/
106,the-globe-and-mail,,"Business groups call on government to reopen Canada-U.S. border, allow fully-vaccinated foreigners to enter",Business groups urge Trudeau to postpone federal election until Canada-U.S. border reopening plan is set,"Perrin Beatty, President and CEO of the Canadian Chamber of Commerce, speaks during a news conference held by the Canadian Travel and Tourism Roundtable in June 2021.
Justin Tang/The Canadian Press… [+3610 chars]",https://www.theglobeandmail.com/politics/article-business-groups-urge-trudeau-to-postpone-federal-election-until-canada/
107,the-globe-and-mail,,Independent MP for Vancouver Granville says she’s noticed a regression in Parliament in the last six years,"Wilson-Raybould won’t seek re-election, decries toxic partisanship in Parliament","Know what is happening in the halls of power with the days top political headlines and commentary as selected by Globe editors (subscribers only). Sign up today.
Jody Wilson-Raybould looks on as one… [+5297 chars]",https://www.theglobeandmail.com/politics/article-wilson-raybould-wont-seek-re-election-decries-toxic-partisanship-in/
108,the-globe-and-mail,,"Now that travel rules have been eased, is cross-border travel allowed? No. And yes",Making it up as they go: The Liberals don’t seem to have a plan for the border,"Justin Trudeau speaks during an announcement at the Canadian Museum of History in Gatineau, Que.
Sean Kilpatrick/The Canadian Press
On Monday, travel rules were eased so fully vaccinated Canadians … [+4546 chars]",https://www.theglobeandmail.com/politics/article-making-it-up-as-they-go-the-liberals-dont-seem-to-have-a-plan-for-the/
109,the-globe-and-mail,,"Last year’s scandal could have been an opportunity for sparking meaningful discussion at Canada’s public broadcaster, writes Wendy Mesley. Instead, I was shamed, blamed and cast aside",Opinion: I made mistakes. But my departure wasn’t the solution to the CBC’s problem with racism,"Wendy Mesley is an award-winning broadcast journalist.
Wendy Mesley at the CBC Winter Launch at TIFF Bell Lightbox on November 18, 2010 in Toronto, Canada.
George Pimentel/Getty Images
For almost … [+8536 chars]",https://www.theglobeandmail.com/opinion/article-the-cbcs-issues-with-systemic-racism-go-beyond-the-two-worst-moments/
110,the-globe-and-mail,"Evens Sanon, Danica Coto",Four suspects in assassination of Haitian President Jovenel Moise have been killed by police and two captured,Two Haitian Americans detained in slaying of Haiti president,Two men believed to be Haitian Americans one of them purportedly a former bodyguard at the Canadian Embassy in Port au Prince have been arrested in connection with the assassination of Haitis preside… [+7661 chars],https://www.theglobeandmail.com/world/article-haiti-police-battle-gunmen-who-killed-president-amid-fears-of-chaos-2/
111,the-globe-and-mail,,"The potential final game of a pandemic-laced season isn’t the ideal place to bring up a matter as weighty as a sexual assault cover-up, especially in a brief drive-by. It would have just spoiled the fun",Why didn’t MacLean ask Bettman about the Blackhawks?,"NHL Commissioner Gary Bettman has already faced numerous questions about the news that during the Blackhawks playoff run in the spring of 2010, two players had told members of the teams senior manage… [+7246 chars]",https://www.theglobeandmail.com/sports/hockey/article-why-didnt-maclean-ask-bettman-about-the-blackhawks/
112,the-huffington-post,Nina Golgowski,Public records show Trump and his allies repeatedly reached out to Republican election officials in Arizona as they tried to overturn the 2020 election r...,Arizona Secretary Of State Seeks Probe Of Alleged Trump Election Interference,Arizonas secretary of state has called for a criminal investigation into whether former President Donald Trump and his political allies tried to illegally influence the results of the 2020 election i… [+3363 chars],https://www.huffpost.com/entry/arizonas-secretary-of-state-we-need-to-investigate-trumps-intense-election-interference_n_60e712fbe4b0186584e8a3d6
113,the-huffington-post,Elyse Wanshel,Laura Jane Grace of Against Me! trolled Rudy Giuliani with a sold-out performance at the infamous Philadelphia parking lot.,"Four Seasons Total Landscaping To Host Punk Show, And Twitter Is Amped","Well, we suppose Rudy Giulianis press conference did feel like complete anarchy.
Laura Jane Grace of the punk band Against Me! will be playing a solo set at Philadelphias Four Seasons Total Landscap… [+4672 chars]",https://www.huffpost.com/entry/four-seasons-total-landscaping-punk-show_n_60e73c44e4b086216f0951c3
114,the-huffington-post,Sebastian Murdock,"The company ""treated discovery as a game"" when it sent 33,000 useless images along with breadcrumbs of potentially relevant information, lawyers said.","Remington Arms Included 18,000 Cartoons In Docs Sent To Sandy Hook Families' Lawyers",The lawyers representing the families of multiple victims of the Sandy Hook Elementary shooting in a lawsuit against gun-maker Remington Arms said the company made a mockery of the court system when … [+4338 chars],https://www.huffpost.com/entry/remington-sandy-hook-cartoons-court-documents-lawsuit_n_60e72adbe4b01d28533e7e3a
115,the-huffington-post,AP,Avenatti gained fame representing porn star Stormy Daniels in lawsuits against President Donald Trump.,Michael Avenatti Sentenced To 2 1/2 Years In Prison For Extortion,NEW YORK (AP) A New York judge sentenced the combative California lawyer Michael Avenatti to 2 1/2 years in prison Thursday for trying to extort up to $25 million from Nike by threatening to use his … [+4751 chars],https://www.huffpost.com/entry/michael-avenatti-nike_n_60e749a1e4b0c9569329a250
116,the-huffington-post,Chris D'Angelo,The media giant responsible for sowing doubt about the climate crisis is launching a 24-hour weather news channel.,A Fox News Climate Disinformation Channel Is The Last Thing We Need,"Americans have a big appetite for news about the weather, and climate change is making weather events more frequent and extreme. Now, Rupert Murdochs Fox Corporation, a media empire with a long histo… [+4856 chars]",https://www.huffpost.com/entry/fox-news-weather-channel-climate-disinformation_n_60e71972e4b0787790104425
117,the-huffington-post,Kimberley Richards,"In a powerful essay for Time, the tennis superstar discussed lessons she learned after being open about exercising self-care.",Naomi Osaka Reflects On Her Mental Health Break: 'You Can Never Please Everyone',"Naomi Osaka wrote an essay for Time in which she discussed the key lessons she has learned since saying publicly that she was prioritizing her mental health.
The four-time Grand Slam champion wrote … [+2906 chars]",https://www.huffpost.com/entry/naomi-osaka-essay-mental-health_n_60e6f868e4b0d698f0ab3a33
118,the-huffington-post,Associated Press,"The Tokyo games, which will open in two weeks, was reduced to a made-for-TV event as coronavirus cases continue to rise across Japan's capital.",Olympics To Be Held Without Spectators Amid COVID-19 State Of Emergency,"TOKYO (AP) Fans were banned from the pandemic-postponed Tokyo Olympics which will open in two weeks, following a state of emergency on Thursday, Olympic Minister Tamayo Marukawa told the Japanese new… [+4434 chars]",https://www.huffpost.com/entry/olympics-spectators-banned-coronavirus-emergency_n_60e6f126e4b0f28cac99624c
119,the-huffington-post,Associated Press,"Louisiana state troopers were filmed stunning, punching and dragging him after a high-speed chase. State Police refused to provide the footage prior to h...",Body Cam Prompts New Look At What Killed Black Motorist Ronald Greene,"The FBI is taking the unusual step of ordering a new look at the autopsy of Black motorist Ronald Greene to consider evidence not provided after his 2019 death, including graphic body camera video of… [+4598 chars]",https://www.huffpost.com/entry/body-cam-investigation-death-ronald-greene_n_60e6e9bce4b0f9cbbfd83750
120,the-huffington-post,AP,"The assassination was followed by a reported gunbattle in which authorities said police killed four suspects in the murder, detained two others and freed...",Haiti's Future Uncertain After Brazen Slaying Of President,"PORT-AU-PRINCE, Haiti (AP) An already struggling and chaotic Haiti stumbled into an uncertain future Thursday, reeling from the assassination of President Jovenel Moïse followed by a reported gunbatt… [+4786 chars]",https://www.huffpost.com/entry/haiti-president-killed_n_60e6f275e4b0fe5f06a90eae
121,the-huffington-post,Ed Mazza,The key Watergate figure says there's a reason why he hopes there's no motion to dismiss the lawsuit.,John Dean Reveals The Massive Legal 'Trap' Trump Accidentally Set For Himself,"John Dean, a central figure in the Watergate scandal that brought down President Richard Nixon, said Donald Trump just created a huge trap for himself with his latest court filing.
The former presid… [+1314 chars]",https://www.huffpost.com/entry/john-dean-trump-deposition_n_60e65df4e4b0f9cbbfd750ff
122,the-jerusalem-post,Gil Hoffman,"Liberman accuses Netanyahu of ""begging Egypt to help us surrender.""",President Rivlin and kingmaker Liberman meeting on coalition,Yisrael Beytenu leader Avigdor Liberman sought clarification from President Reuven Rivlin on Rivlin's proposal for ending the coalition-building crisis on Wednesday afternoon at a meeting at the Pres… [+1748 chars],https://www.jpost.com/Israel-News/President-and-kingmaker-meeting-on-coalition-607736
123,the-jerusalem-post,Lahav Harkov,"“We will not tolerate attacks on our citizens,” Netanyahu said. “In the last year, we accumulated a mass of these attacks.”",Islamic Jihad says not ready for ceasefire; PM: We will do what’s needed,"Al-Ata “was ready to carry out more and more terrorists attacks, including in these days. We thwarted him when we were not heading for an escalation, but we will do all that we need to defend our cit… [+1672 chars]",https://www.jpost.com/Arab-Israeli-Conflict/Islamic-Jihad-says-not-ready-for-ceasefire-PM-PM-will-do-whats-needed-607731
124,the-jerusalem-post,,"The operation against Palestinian Islamic Jihad (PIJ) Leader Bahaa Abu Al-Ata was approved by the IDF chief-of-Staff, Shin Bet, Prime Minister Benjamin Netanyahu and the security cabinet.",Israel under rockets from Gaza - Live Updates,"Several Israelis have been injured, including an eight-year-old girl who collapsed while running for shelter in Holon. She was evacuated to Wolfson hospital in serious condition.The following is a li… [+4911 chars]",https://www.jpost.com/Breaking-News/Rocket-sirens-sound-near-Gaza-Strip-after-assassination-607581
125,the-jerusalem-post,Anna Ahronheim,"According to a report in the Arabic language al-Hayat newspaper, Israel’s message was delivered to Palestinian Islamic Jihad (PIJ) through United Nations Special Envoy for the Middle East Nickolay Mladenov.",Israel threatens to assassinate Islamic Jihad leader in Damascus - report,"Israel has warned Palestinian Islamic Jihad that the IDF would assassinate the group’s leader Ziad al-Nakhla if the rocket fire continues.
According to a report in the Arabic language al-Hayat newsp… [+1568 chars]",https://www.jpost.com/Arab-Israeli-Conflict/gaza-news/Israel-threatens-to-assassinate-Islamic-Jihad-leader-in-Damascus-report-607724
126,the-jerusalem-post,Seth J. Frantzman,,Israel under fire: Interactive Map of rocket strikes,"var cont = `Join Jerusalem Post Premium Plus now for just $5 and upgrade your experience with an ads-free website and exclusive content. Click here&gt;&gt;
`;
document.getElementById(""linkPremium"")… [+41 chars]",https://www.jpost.com/Arab-Israeli-Conflict/Israel-under-fire-Interactive-Map-of-rocket-strikes-607725
127,the-jerusalem-post,,"“We did it yesterday, and we will not hesitate to act in the future,” the new defense minister said.","Bennett's first warning: Harm us by day, don't make it through the night","""Yesterday morning, the IDF and the security forces took vital action for the security of Israel,” said newly appointed Defense Minister Naftali Bennett Wednesday, in his first remarks following the … [+1775 chars]",https://www.jpost.com/Arab-Israeli-Conflict/Bennetts-first-warning-Harm-us-by-day-dont-make-it-through-the-night-607721
128,the-jerusalem-post,Anna Ahronheim,IDF expects another day of rocket fire.,Massive barrage towards southern and central Israel shatters quiet,"Barrages of over a dozen rockets were launched by Palestinian Islamic Jihad towards southern and central Israel shattered a brief quiet felt overnight.
Incoming rocket sirens sounded in Gaza border … [+3306 chars]",https://www.jpost.com/Middle-East/Massive-barrage-towards-southern-and-central-Israel-shatters-quiet-607709
129,the-jerusalem-post,,Gantz: Security of Israel is above politics; PA: This is a crime.,Congresswoman Nita Lowey: I am proud to stand with Israel,US Ambassador David M. Friedman said the US stands “with our friend and ally Israel at this critical moment” on social media on Tuesday after roughly 170 rockets were fired on Israel from the Gaza St… [+6160 chars],https://www.jpost.com/Arab-Israeli-Conflict/Gantz-Security-of-Israel-is-above-politics-Palestinians-This-is-a-crime-607595
130,the-jerusalem-post,Omri Nahmias,"Trump joked that his rating in Israel is 98%, and ""if anything happens here, I will take a trip over to Israel to run for prime minister there.”","President Donald Trump: Israel keeps having elections, nobody is elected","WASHINGTON - US President Donald Trump on Tuesday, mocked the political stalemate in Israel, in which Israelis ""keep having elections [but] nobody is elected.” 
A video circulating in social media, … [+1773 chars]",https://www.jpost.com/Arab-Israeli-Conflict/President-Donald-Trump-Israel-keeps-having-elections-nobody-is-elected-607687
131,the-jerusalem-post,Khaled Abu Toameh,"The assassination of Abu al-Ata came as a surprise to PIJ leaders, who rushed to announce that their group was now at war with Israel.",Hamas’s Islamic Jihad Dilemma - Analysis,"The Iranian-backed Palestinian Islamic Jihad (PIJ), whose senior commander Bahaa Abu al-Ata was killed by Israel on Tuesday, has been causing headaches not only for Israel, but also for the Egyptians… [+5834 chars]",https://www.jpost.com/Israel-News/Hamass-Islamic-Jihad-Dilemma-Analysis-607636
132,the-times-of-india,Rajat Pandit,"India News:  The Army is now exploring the possibility of procuring 350 light tanks, which can also be transported by air, to augment its firepower in high-altitu",Army explores procurement of 350 light tanks for mountainous terrain after border standoff with China,"Army explores procurement of 350 light tanks for mountainous terrain after border standoff with China
<ul><li>News</li>
<li>India News</li>
<li>Army explores procurement of 350 light tanks for mou… [+58 chars]",http://timesofindia.indiatimes.com/india/army-explores-procurement-of-350-light-tanks-for-mountainous-terrain-after-border-standoff-with-china/articleshow/82217825.cms
133,the-times-of-india,Times Of India,"IPL Live Score: Mumbai Indians seek consistency; Punjab Kings eye return to winning ways. Stay with TOI to get IPL live score, playing 11, scorecard, highlights and ball by ball score updates of the 17th IPL match between Punjab Kings and Mumbai Indians.","PBKS vs MI Live Score, IPL 2021: Mumbai Indians seek consistency; Punjab Kings eye return to winning ways","Ravi Bishnoi return on the cards?
Deepak Hooda showed what he is capable of, but greater consistency would be needed from him if the team has to prosper. They bet on Australian pace imports Jhye Ric… [+3131 chars]",http://timesofindia.indiatimes.com/sports/cricket/ipl/live-blog/punjab-kings-vs-mumbai-indians-pbks-vs-mi-live-score-ipl-2021-17th-match-chennai/liveblog/82214950.cms
134,the-times-of-india,PTI,India News: Drug firm Zydus Cadila on Friday said it has received restricted emergency use approval from the Indian drug regulator for the use of Pegylated Interf,Zydus Cadila gets DCGI nod for hepatitis drug for Covid-19 treatment,,http://timesofindia.indiatimes.com/india/zydus-cadila-gets-dcgi-nod-for-hepatitis-drug-for-covid-19-treatment/articleshow/82214909.cms
135,the-times-of-india,Bloomberg,India News: Bodies piling up at crematoriums and burial grounds across India are sparking concerns that the death toll from a ferocious new Covid-19 wave may be m.,Even record death toll may hide extent of India’s Covid crisis,,http://timesofindia.indiatimes.com/india/even-record-death-toll-may-hide-extent-of-indias-covid-crisis/articleshow/82213444.cms
136,the-times-of-india,Dipak K Dash,India News: The government on Friday announced to provide 5 kg free food grains to the poor for May and June 2021. This will cover nearly 80 crore beneficiaries u,Government to provide 5 kg free food grains to poor for May & June,,http://timesofindia.indiatimes.com/india/government-to-provide-5-kg-free-food-grains-to-poor-for-may-june/articleshow/82213582.cms
137,the-times-of-india,TIMESOFINDIA.COM,"India News: Delhi chief minister Arvind Kejriwal on Friday faced flak for sharing a live telecast of an ""in-house"" meeting with Prime Minister Narendra Modi where",'Inappropriate': PM Modi objects to 'protocol break' during meeting; Delhi CM expresses regret,,http://timesofindia.indiatimes.com/india/delhi-cmo-expresses-regret-over-televised-address-during-meeting-with-pm-modi/articleshow/82213159.cms
138,the-times-of-india,Times Of India,"In yet another grim milestone, India recorded 3.3 lakh new Covid-19 cases, and 2,263 deaths in a day. Meanwhile, active cases crossed the 24-lakh mar",Coronavirus in India live updates: Zydus' Virafin gets DCGI nod for Covid treatment,"Zydus Cadila gets DCGI nod for hepatitis drug for Covid-19 treatment
Make Covid-19 vaccination affordable, accessible through Jan Aushadi scheme: IMA
The IMA has demanded that the Covid-19 vaccine … [+4487 chars]",http://timesofindia.indiatimes.com/india/coronavirus-in-india-covid-19-vaccine-cases-lockdown-live-updates-23-april-2021/liveblog/82205841.cms
139,the-washington-post,,White House press secretary Jen Psaki holds a Tuesday press briefing.,White House press secretary Psaki holds news conference,,https://www.washingtonpost.com/video/politics/white-house-press-secretary-psaki-holds-news-conference/2021/06/08/eaea2344-f2a6-46e6-ac27-d61812fdb620_live.html
140,time,,Here's their advice on how to get through the coronavirus pandemic,Finding Hope: The TIME 100 Community on Navigating Our New Reality,The TIME 100 community on navigating our new reality,http://time.com/collection/finding-hope-coronavirus-pandemic/
141,time,Jamie Ducharme,Many people have fallen back to old interests and habits during the COVID-19 pandemic. Here's why it's making you act like a teenager.,Why You're Regressing to Your Teenage Self During the COVID-19 Outbreak,"Since she graduated high school, Kayla Stetzel, a 26-year-old law student living in Chicago, hadn’t spent any significant time in her father’s house in Indiana. Then the COVID-19 pandemic hit.
Not w… [+5368 chars]",http://time.com/5819224/covid-19-act-like-teeangers/
142,time,Alana Semuels,Lawyers say they've seen a flood of illegal evictions since the financial crisis caused by the spread of COVID-19.,Renters Are Being Forced From Their Homes Despite Eviction Moratoriums Meant to Protect Them,"Millions of people in America are under shelter-in-place orders requiring them to stay home whenever possible, but a growing number don’t have that luxury. Their landlords are kicking them out for no… [+13319 chars]",http://time.com/5820634/evictions-coronavirus/
143,time,Saleha Mohsin and Laura Davison / Bloomberg,"President Donald Trump’s signature will appear on the $1,200 checks being mailed to low- and middle-income households in the coming weeks",Trump’s Signature Will Appear on Coronavirus Stimulus Checks,"President Donald Trump’s signature will appear on the $1,200 checks being mailed to low- and middle-income households in the coming weeks, according to two officials familiar with the decision.
Typi… [+1810 chars]",http://time.com/5821097/donald-trump-signature-coronavirus-relief-checks/
144,time,Josiah Bates,"In a interview with Katie Couric, part of a video series with TIME, Dr. Mark Pochapin describes how medical workers are struggling to adapt.",Watch a New York City Doctor Describe How Medical Professionals Fight Against COVID-19,"Dr. Mark Pochapin, the Vice-Chair for Clinical Affairs at NYU Langone, is one of the many healthcare professionals around the country who are on the front lines of the coronavirus outbreak. In a new … [+1388 chars]",http://time.com/5820338/new-york-city-doctor-covid-19-katie-couric-video/
145,time,Mahita Gajanan,Shelters and rescues are seeing about a 90% increase in foster requests nationwide amid the COVID-19 outbreak.,'Otherwise I'd Be Alone.' Foster Pets Offer Much-Needed Companionship in an Age of Isolation,"Anne Bonney doesn’t typically consider herself an ideal pet owner. While she loves animals, the 46-year-old professional speaker spends lots of time on the road, making it hard to justify keeping a f… [+5111 chars]",http://time.com/5817622/foster-pets-coronavirus/
146,time,Patrick Lucas Austin,"Zoom has been a popular choice for video chatting during the coronavirus outbreak, but it has privacy flaws. Here are 9 alternatives.",Ditching Zoom? Here Are 10 Video Chat Alternatives You Can Use Instead,"The COVID-19 pandemic has resulted in a slew of requests and orders to stay home and work remotely as much as possible, in an effort to slow the spread of the novel coronavirus. All that isolation me… [+7745 chars]",http://time.com/5819327/zoom-alternatives/
147,usa-today,,"The vice president said the 'I Will Vote' campaign is aimed at all eligible voters, regardless of their party affiliation.",'Your vote matters': Harris announces $25 million DNC voting rights campaign,"WASHINGTON — In her first move as leader of the Biden administration's efforts to bolster voting rights, Vice President Kamala Harris announced a $25 million Democratic Party investment into voting e… [+6028 chars]",https://www.usatoday.com/story/news/politics/2021/07/08/harris-announces-25-million-dnc-voting-rights-campaign/7902706002/
148,usa-today,,It's a stressful transition when adult children begin to see their parents less as capable caregivers and more as those needing care themselves.,Furious at your parents for aging? You're not alone.,"Most of us come into the world viewing our parents as healthy, strong and everlasting. As we grow, and as they age, the naive feeling that they are a perpetual part of our lives fades. Their hearing … [+5751 chars]",https://www.usatoday.com/story/life/health-wellness/2021/07/08/children-caregiving-aging-parents-feel-anger-stress-frustration/7901360002/
149,usa-today,,"The Southern Poverty Law Center has categorized the Twelve Tribes as a ""Christian fundamentalist cult"" that defends slavery.",A tall ship docked in Rhode Island is home to the controversial Twelve Tribes religious 'cult',"Skip to main content
This content is only available to USA TODAY subscribers.
Subscribe for as low as $4.99 per month.
Your subscription includes access to:
Exclusive, subscriber-only content and… [+796 chars]",https://www.usatoday.com/story/news/nation/2021/07/08/tall-ship-peacemaker-owned-twelve-tribes/7902178002/
150,usa-today,,Here's a look at some of the relationships in which the Summer Olympics has played a special role over the years.,These five couples have a love story tied to the Summer Olympics,"Skip to main content
This content is only available to USA TODAY subscribers.
Subscribe for as low as $4.99 per month.
Your subscription includes access to:
Exclusive, subscriber-only content and… [+796 chars]",https://www.usatoday.com/story/sports/olympics/2021/07/08/2021-olympics-summer-tokyo-romance-couples/7684843002/
151,usa-today,,"Who says you need to pay rent? Travel the country instead on an extended road trip. Here's how I did it and you can, too.",We've been nomads for almost a year. Here's what I've learned about taking an extended road trip,"Skip to main content
This content is only available to USA TODAY subscribers.
Subscribe for as low as $4.99 per month.
Your subscription includes access to:
Exclusive, subscriber-only content and… [+796 chars]",https://www.usatoday.com/story/travel/advice/2021/07/08/road-trip-planner-things-to-pack-remote-work-us-map/5329300001/
152,usa-today,,Fans will not be allowed to attend the Olympics when they start on July 23 following the declaration of a new state of emergency in Tokyo.,Tokyo Olympics to be held without fans after new COVID-19 state of emergency declared,"<ul><li>Originally, 10,000 local fans were going to be admitted to Olympic events.</li><li>Foreign fans were banned in March, and organizers repeatedly delayed a decision on whether to allow Japanese… [+2715 chars]",https://www.usatoday.com/story/sports/olympics/2021/07/08/2021-olympics-fan-not-allowed-attend-tokyo-games-due-covid-19/7899959002/
153,usa-today,,"Get breathable, comfortable face masks for summer from brands like Athleta, Old Navy and more.",The top breathable face masks to wear for summer,"— Recommendations are independently chosen by Reviewed’s editors. Purchases you make through our links may earn us a commission.
With vaccination numbers gradually rising across the U.S., mask requi… [+3849 chars]",https://www.usatoday.com/story/money/reviewed/2021/07/01/breathable-summer-face-masks-athleta-old-navy-and-summersault/7812946002/
154,usa-today,,"Cockroaches, ticks and other bugs of summer that can thrive in your home. Here is what you should know about each one.",Ew! Spiders and mosquitoes: Graphics profile 8 summer household pests,"Let's face it: Bugs bug us. Most people are grossed out by unwanted pests they encounter at home. With summer just around the corner, many will be making an appearance. In a recent survey, people ran… [+3387 chars]",https://www.usatoday.com/in-depth/graphics/2021/06/19/spiders-mosquitoes-ants-and-other-summer-pests-invade-households/7522688002/
155,usa-today,,Florida condo collapse,Before and after,"Skip to main content
This content is only available to USA TODAY subscribers.
Subscribe for as low as $4.99 per month.
Your subscription includes access to:
Exclusive, subscriber-only content and… [+796 chars]",https://www.usatoday.com/in-depth/graphics/2021/06/24/florida-beach-condo-buildling-collapse-investigation-underway/5333761001/
156,usa-today,,You can do more with your health savings account than pay for medical expenses from this year. You can invest it or pay for older expenses and more.,"5 novel ways to use your health savings account: Invest, reimburse yourself for old expenses, more","Health savings accounts were created in 2003 so that individuals covered by high-deductible health plans could, according to the federal government, receive tax-preferred treatment of money saved for… [+4728 chars]",https://www.usatoday.com/in-depth/money/columnist/powell/2021/04/18/health-savings-accounts-what-can-i-do-with-the-money-in-my-hsa/4548016001/
157,vice-news,Paul Blest,"""I never ever, ever knew that the Republican leadership of this state would put so many of us at risk for partisanship to cover up a lie,"" said one Pennsylvania state House member.",A GOP Lawmaker Tested Positive for Coronavirus and Didn't Bother to Tell His Democratic Colleagues,"Pennsylvania Democrats are furious after a Republican House lawmaker announced hed tested positive for coronavirus over a week ago but didnt tell them.
 State representative Andrew Lewis, a 33-year-… [+2944 chars]",https://www.vice.com/en_us/article/wxq549/a-gop-lawmaker-tested-positive-for-coronavirus-and-didnt-bother-to-tell-his-democratic-colleagues
158,vice-news,Cameron Joseph,GOP activists in the rural Virginia district are furious that Rep. Denver Riggleman would marry two men. Now they want to take him out.,"This GOP Congressman Officiated a Gay Wedding, and It Could Cost Him an Election","When Anthony Rek LeCounte and Alex Siciliano tied the knot last summer, they didnt expect their wedding to become a flashpoint in a congressional campaign.
 Shortly after moving down to Charlottesvi… [+7013 chars]",https://www.vice.com/en_us/article/qj48e5/this-gop-congressman-officiated-a-gay-wedding-and-it-could-cost-him-an-election
159,vice-news,Tim Hume,"The vote, while expected, sparked anger and despair in Hong Kong, where many fear it marks an end to the city’s freedoms.",‘It's The End of Hong Kong’: The National Security Law China Just Approved Is The Protest Movement's Worst Nightmare,"Want the best of VICE News straight to your inbox? Sign up here.
 Chinas parliament approved a controversial new national security law for Hong Kong Thursday, sparking outrage in the city, where opp… [+5246 chars]",https://www.vice.com/en_us/article/v7gepy/its-the-end-of-hong-kong-the-national-security-law-china-just-approved-is-the-protest-movements-worst-nightmare
160,vice-news,David Gilbert,"Gab users have been instructed to tweet at and write to the president urging him to join the network, which is filled with conspiracy theories, racism, and antisemitism.","Far-Right Social Network Gab Has a Verified Account Waiting For Trump With 27,000 Followers","Want the best of VICE News straight to your inbox? Sign up here.
 As President Donald Trump fumes at Twitters decision to fact-check two of his tweets this week, a ready-made replacement social netw… [+3512 chars]",https://www.vice.com/en_us/article/z3exw4/far-right-social-network-gab-has-a-verified-account-waiting-for-trump-with-27000-followers
161,vice-news,David Gilbert,"Police used tear gas and rubber bullets on protesters who gathered outside the precinct where Derek Chauvin, the officer who kneeled on Floyd's neck until he was unresponsive, worked until this week.",Minneapolis is Burning: Protesters Loot and Set Buildings On Fire to Protest Police Killing of George Floyd,"Want the best of VICE News straight to your inbox? Sign up here.
 Minneapolis burned on Wednesday night as protesters clashed with police for a second night following the death of George Floyd after… [+4576 chars]",https://www.vice.com/en_us/article/y3zd5x/minneapolis-is-burning-protesters-loot-and-set-buildings-on-fire-to-protest-police-killing-of-george-floyd
162,vice-news,Tess Owen,The videos show Floyd appearing to surrender before dying after his face was pressed into the street with an officer's knee on his neck.,New Videos Appear to Undermine Police Account That George Floyd 'Resisted' Officers,"Videos taken by bystanders show the moments leading up to the deadly arrest of George Floyd and appear to undermine Minneapolis polices account that he was uncooperative. 
 Minneapolis cops said tha… [+2179 chars]",https://www.vice.com/en_us/article/4ayv4p/new-videos-appear-to-undermine-police-account-that-george-floyd-resisted-officers
163,vice-news,Roberto Ferdman,"For them, graduation doesn't just commemorate a personal achievement; it's a collective milestone for the entire family, which they were supposed to celebrate together.",Coronavirus Took Away a Huge Milestone for First-Generation Graduates: 'I Can't Stop Crying',"The class of 2020 isnt exactly going out with a bang, which is a bummer for the millions of 2020 graduates. But for first-generation graduates, the cosmic injustice is even harder to swallow. For the… [+1318 chars]",https://www.vice.com/en_us/article/akzg7j/coronavirus-took-away-a-huge-milestone-for-first-generation-graduates-i-cant-stop-crying
164,vice-news,Carter Sherman,Pregnant people have make an in-person visit to pick up the pill — even if they've already seen a provider about getting an abortion.,Trump's FDA Won't Let Women Get Abortion Pills Remotely In a Pandemic. So The ACLU Is Suing.,"As the coronavirus pandemic ground almost every U.S. industry to a standstill, the Trump administration urged healthcare professionals to use telemedicine to see patients remotely and stem the spread… [+4029 chars]",https://www.vice.com/en_us/article/935yq7/trumps-fda-wont-let-women-get-abortion-pills-remotely-in-a-pandemic-so-the-aclu-is-suing
165,vice-news,Cameron Joseph,Reade has accused Biden of sexually assaulting her when she was an employee of his Senate office in 1993.,Tara Reade Is Now Being Investigated For Allegedly Lying on the Witness Stand,"The Monterey County, California District Attorneys office has begun investigating whether Tara Reade lied under oath, an official told Politico.
 Reade, who at the time went by Alexandra McCabe, spe… [+2033 chars]",https://www.vice.com/en_us/article/m7je3b/tara-reade-is-now-being-investigated-for-allegedly-lying-on-the-witness-stand
166,vice-news,Emma Ockerman,"Derek Chauvin, who kneeled on Floyd's neck for minutes, had been involved in at least two police shootings during his tenure.",The Cops Involved in George Floyd's Fatal Arrest Had Previous Violent Incidents on the Force,Two of the four Minneapolis cops involved in George Floyds fatal arrest Monday including the one seen in a viral video kneeling on the black mans neck for several minutes as he repeatedly cried out t… [+4196 chars],https://www.vice.com/en_us/article/wxq5gn/the-cops-involved-in-george-floyds-fatal-arrest-had-previous-violent-incidents-on-the-force
