,tweets
0,RT @CGTNOfficial: Live: #Gaza sky after #Israel and #Hamas announced #cease-fire https://t.co/gUKULgcKUr
1,RT @CGTNOfficial: Live: #Gaza sky after #Israel and #Hamas announced #cease-fire https://t.co/gUKULgcKUr
2,RT @CGTNOfficial: Live: #Gaza sky after #Israel and #Hamas announced #cease-fire https://t.co/gUKULgcKUr
3,RT @CGTNOfficial: Live: #Gaza sky after #Israel and #Hamas announced #cease-fire https://t.co/gUKULgcKUr
4,RT @CGTNOfficial: Live: #Gaza sky after #Israel and #Hamas announced #cease-fire https://t.co/gUKULgcKUr
5,RT @CGTNOfficial: Live: #Gaza sky after #Israel and #Hamas announced #cease-fire https://t.co/gUKULgcKUr
6,RT @CGTNOfficial: Live: #Gaza sky after #Israel and #Hamas announced #cease-fire https://t.co/gUKULgcKUr
7,RT @CGTNOfficial: Live: #Gaza sky after #Israel and #Hamas announced #cease-fire https://t.co/gUKULgcKUr
8,RT @CGTNOfficial: Live: #Gaza sky after #Israel and #Hamas announced #cease-fire https://t.co/gUKULgcKUr
9,RT @CGTNOfficial: Live: #Gaza sky after #Israel and #Hamas announced #cease-fire https://t.co/gUKULgcKUr
10,RT @CGTNOfficial: Live: #Gaza sky after #Israel and #Hamas announced #cease-fire https://t.co/gUKULgcKUr
11,RT @CGTNOfficial: Live: #Gaza sky after #Israel and #Hamas announced #cease-fire https://t.co/gUKULgcKUr
12,RT @CGTNOfficial: Live: #Gaza sky after #Israel and #Hamas announced #cease-fire https://t.co/gUKULgcKUr
13,RT @CGTNOfficial: Live: #Gaza sky after #Israel and #Hamas announced #cease-fire https://t.co/gUKULgcKUr
14,RT @CGTNOfficial: Live: #Gaza sky after #Israel and #Hamas announced #cease-fire https://t.co/gUKULgcKUr
15,RT @CGTNOfficial: Live: #Gaza sky after #Israel and #Hamas announced #cease-fire https://t.co/gUKULgcKUr
16,RT @CGTNOfficial: Live: #Gaza sky after #Israel and #Hamas announced #cease-fire https://t.co/gUKULgcKUr
17,RT @CGTNOfficial: Live: #Gaza sky after #Israel and #Hamas announced #cease-fire https://t.co/gUKULgcKUr
18,RT @CGTNOfficial: Live: #Gaza sky after #Israel and #Hamas announced #cease-fire https://t.co/gUKULgcKUr
19,RT @CGTNOfficial: Live: #Gaza sky after #Israel and #Hamas announced #cease-fire https://t.co/gUKULgcKUr
20,RT @CGTNOfficial: Live: #Gaza sky after #Israel and #Hamas announced #cease-fire https://t.co/gUKULgcKUr
21,RT @CGTNOfficial: Live: #Gaza sky after #Israel and #Hamas announced #cease-fire https://t.co/gUKULgcKUr
22,RT @CGTNOfficial: Live: #Gaza sky after #Israel and #Hamas announced #cease-fire https://t.co/gUKULgcKUr
23,RT @CGTNOfficial: Live: #Gaza sky after #Israel and #Hamas announced #cease-fire https://t.co/gUKULgcKUr
24,RT @CGTNOfficial: Live: #Gaza sky after #Israel and #Hamas announced #cease-fire https://t.co/gUKULgcKUr
25,RT @CGTNOfficial: Live: #Gaza sky after #Israel and #Hamas announced #cease-fire https://t.co/gUKULgcKUr
26,RT @CGTNOfficial: Live: #Gaza sky after #Israel and #Hamas announced #cease-fire https://t.co/gUKULgcKUr
27,RT @CGTNOfficial: Live: #Gaza sky after #Israel and #Hamas announced #cease-fire https://t.co/gUKULgcKUr
28,RT @CGTNOfficial: Live: #Gaza sky after #Israel and #Hamas announced #cease-fire https://t.co/gUKULgcKUr
29,RT @CGTNOfficial: Live: #Gaza sky after #Israel and #Hamas announced #cease-fire https://t.co/gUKULgcKUr
30,RT @CGTNOfficial: Live: #Gaza sky after #Israel and #Hamas announced #cease-fire https://t.co/gUKULgcKUr
31,RT @CGTNOfficial: Live: #Gaza sky after #Israel and #Hamas announced #cease-fire https://t.co/gUKULgcKUr
32,RT @CGTNOfficial: Live: #Gaza sky after #Israel and #Hamas announced #cease-fire https://t.co/gUKULgcKUr
33,RT @CGTNOfficial: Live: #Gaza sky after #Israel and #Hamas announced #cease-fire https://t.co/gUKULgcKUr
34,RT @CGTNOfficial: Live: #Gaza sky after #Israel and #Hamas announced #cease-fire https://t.co/gUKULgcKUr
35,RT @CGTNOfficial: Live: #Gaza sky after #Israel and #Hamas announced #cease-fire https://t.co/gUKULgcKUr
36,RT @CGTNOfficial: Live: #Gaza sky after #Israel and #Hamas announced #cease-fire https://t.co/gUKULgcKUr
37,RT @CGTNOfficial: Live: #Gaza sky after #Israel and #Hamas announced #cease-fire https://t.co/gUKULgcKUr
38,RT @CGTNOfficial: Live: #Gaza sky after #Israel and #Hamas announced #cease-fire https://t.co/gUKULgcKUr
39,RT @CGTNOfficial: Live: #Gaza sky after #Israel and #Hamas announced #cease-fire https://t.co/gUKULgcKUr
40,RT @CGTNOfficial: Live: #Gaza sky after #Israel and #Hamas announced #cease-fire https://t.co/gUKULgcKUr
41,RT @CGTNOfficial: Live: #Gaza sky after #Israel and #Hamas announced #cease-fire https://t.co/gUKULgcKUr
42,RT @CGTNOfficial: Live: #Gaza sky after #Israel and #Hamas announced #cease-fire https://t.co/gUKULgcKUr
43,RT @CGTNOfficial: Live: #Gaza sky after #Israel and #Hamas announced #cease-fire https://t.co/gUKULgcKUr
44,RT @CGTNOfficial: Live: #Gaza sky after #Israel and #Hamas announced #cease-fire https://t.co/gUKULgcKUr
45,RT @CGTNOfficial: Live: #Gaza sky after #Israel and #Hamas announced #cease-fire https://t.co/gUKULgcKUr
46,RT @CGTNOfficial: Live: #Gaza sky after #Israel and #Hamas announced #cease-fire https://t.co/gUKULgcKUr
47,RT @CGTNOfficial: Live: #Gaza sky after #Israel and #Hamas announced #cease-fire https://t.co/gUKULgcKUr
48,RT @CGTNOfficial: Live: #Gaza sky after #Israel and #Hamas announced #cease-fire https://t.co/gUKULgcKUr
49,RT @CGTNOfficial: Live: #Gaza sky after #Israel and #Hamas announced #cease-fire https://t.co/gUKULgcKUr
50,RT @CGTNOfficial: Live: #Gaza sky after #Israel and #Hamas announced #cease-fire https://t.co/gUKULgcKUr
51,RT @CGTNOfficial: Live: #Gaza sky after #Israel and #Hamas announced #cease-fire https://t.co/gUKULgcKUr
52,RT @CGTNOfficial: Live: #Gaza sky after #Israel and #Hamas announced #cease-fire https://t.co/gUKULgcKUr
53,RT @CGTNOfficial: Live: #Gaza sky after #Israel and #Hamas announced #cease-fire https://t.co/gUKULgcKUr
54,RT @CGTNOfficial: Live: #Gaza sky after #Israel and #Hamas announced #cease-fire https://t.co/gUKULgcKUr
55,RT @CGTNOfficial: Live: #Gaza sky after #Israel and #Hamas announced #cease-fire https://t.co/gUKULgcKUr
56,RT @CGTNOfficial: Live: #Gaza sky after #Israel and #Hamas announced #cease-fire https://t.co/gUKULgcKUr
57,RT @CGTNOfficial: Live: #Gaza sky after #Israel and #Hamas announced #cease-fire https://t.co/gUKULgcKUr
58,RT @CGTNOfficial: Live: #Gaza sky after #Israel and #Hamas announced #cease-fire https://t.co/gUKULgcKUr
59,RT @CGTNOfficial: Live: #Gaza sky after #Israel and #Hamas announced #cease-fire https://t.co/gUKULgcKUr
